Ticker,Date,Open,High,Low,Close,Volume
CTG,28-02-2025,41300,41600,41000,41500,5529300
CTG,27-02-2025,41250,41550,40850,41500,6079700
CTG,26-02-2025,41800,41800,41100,41350,9430900
CTG,25-02-2025,41950,42100,41400,41850,5728900
CTG,24-02-2025,41500,41950,41350,41900,6764800
CTG,21-02-2025,40850,41500,40500,41500,7710600
CTG,20-02-2025,41050,41050,40450,40850,5265200
CTG,19-02-2025,40550,40950,40450,40500,6136000
CTG,18-02-2025,40150,41000,40050,40300,6539300
CTG,17-02-2025,40500,40650,40150,40150,5951900
CTG,14-02-2025,41000,41350,40500,40550,5515600
CTG,13-02-2025,40300,41300,40300,40850,6945200
CTG,12-02-2025,40700,40800,40400,40500,4835000
CTG,11-02-2025,40350,40900,40150,40700,7621400
CTG,10-02-2025,40800,41100,40050,40300,9535800
CTG,07-02-2025,39500,41200,39250,40800,14973700
CTG,06-02-2025,39400,39850,39200,39500,6527700
CTG,05-02-2025,39650,39700,39100,39350,6686000
CTG,04-02-2025,38250,39750,38050,39400,14538400
CTG,03-02-2025,38250,38600,37800,38050,8325900
CTG,24-01-2025,38100,38150,37750,38000,5047600
CTG,23-01-2025,37400,38200,37300,38100,7583800
CTG,22-01-2025,37600,37600,37250,37300,4497700
CTG,21-01-2025,37450,37800,37050,37300,5502600
CTG,20-01-2025,37250,37700,37150,37300,4400000
CTG,17-01-2025,36800,37200,36600,37200,3948300
CTG,16-01-2025,36850,37200,36400,36800,6641100
CTG,15-01-2025,37000,37100,36600,36750,4980700
CTG,14-01-2025,37450,37900,36900,36950,3716700
CTG,13-01-2025,37200,37700,36200,37700,9377500
CTG,10-01-2025,37400,38200,37200,37500,7501000
CTG,09-01-2025,37800,37900,37250,37400,4056700
CTG,08-01-2025,37400,37900,37250,37800,3664700
CTG,07-01-2025,37500,38000,37150,37450,6267400
CTG,06-01-2025,37250,37650,37050,37200,6045300
CTG,03-01-2025,37800,38000,37200,37200,10284500
CTG,02-01-2025,38000,38300,37600,38100,5742600
CTG,31-12-2024,38600,38700,37800,37800,5449700
CTG,30-12-2024,38500,38900,38350,38900,7210600
CTG,27-12-2024,38350,38800,38000,38800,9539300
CTG,26-12-2024,38400,38400,38000,38200,4847100
CTG,25-12-2024,36200,38700,36200,38200,25190700
CTG,24-12-2024,36100,36200,35900,36200,2831100
CTG,23-12-2024,36200,36300,36100,36250,3097200
CTG,20-12-2024,36000,36150,35700,36150,3418200
CTG,19-12-2024,35850,36200,35600,36200,6319500
CTG,18-12-2024,36200,36400,35800,36250,2933300
CTG,17-12-2024,36250,36350,36050,36250,3429900
CTG,16-12-2024,36350,36700,36200,36250,2866500
CTG,13-12-2024,36150,36500,36100,36350,4180300
CTG,12-12-2024,36400,36800,36200,36300,5010500
CTG,11-12-2024,36300,36600,36200,36350,4390000
CTG,10-12-2024,36450,36500,36100,36350,3293400
CTG,09-12-2024,36150,36500,36050,36450,4392500
CTG,06-12-2024,36500,36650,36250,36250,5625800
CTG,05-12-2024,35300,36500,35050,36400,10395100
CTG,04-12-2024,35600,35700,35300,35300,4137800
CTG,03-12-2024,35950,35950,35450,35900,5261300
CTG,02-12-2024,35900,36000,35700,35850,4468300
CTG,29-11-2024,35500,35850,35250,35750,5142400
CTG,28-11-2024,35300,35400,34950,35400,3289800
CTG,27-11-2024,35100,35300,34950,35150,2761100
CTG,26-11-2024,35000,35350,34900,35300,4538800
CTG,25-11-2024,34950,35100,34700,35100,3824500
CTG,22-11-2024,34900,35200,34700,35000,6181600
CTG,21-11-2024,34000,35000,33600,35000,7810800
CTG,20-11-2024,33050,34000,33050,34000,6494000
CTG,19-11-2024,33500,33600,33000,33350,5280700
CTG,18-11-2024,33100,33650,32700,33300,4072900
CTG,15-11-2024,33600,33600,32800,33100,8350400
CTG,14-11-2024,34300,34300,33600,33600,5270200
CTG,13-11-2024,34450,34500,33950,34350,4244200
CTG,12-11-2024,34800,34850,34200,34500,3342200
CTG,11-11-2024,35000,35000,33850,34950,16325500
CTG,08-11-2024,35700,36000,34800,35000,4916300
CTG,07-11-2024,35900,36150,35600,35600,3822400
CTG,06-11-2024,35200,35900,35100,35900,3543500
CTG,05-11-2024,35500,35700,35050,35050,4093100
CTG,04-11-2024,35550,35950,35350,35700,5247600
CTG,01-11-2024,35550,35950,35500,35600,7983200
CTG,31-10-2024,34900,35750,34800,35700,8400500
CTG,30-10-2024,34900,35000,34500,34750,2626400
CTG,29-10-2024,34700,34950,34700,34950,2890000
CTG,28-10-2024,34650,34800,34550,34700,2288100
CTG,25-10-2024,34750,34800,34500,34600,4448300
CTG,24-10-2024,35000,35150,34050,34850,6405900
CTG,23-10-2024,35000,35150,34750,35050,4488500
CTG,22-10-2024,35500,35650,34800,35000,9519000
CTG,21-10-2024,36100,36350,35500,35500,8242100
CTG,18-10-2024,36800,36900,36250,36250,7054400
CTG,17-10-2024,36500,36550,36050,36550,6200700
CTG,16-10-2024,36100,36450,35900,36300,3778300
CTG,15-10-2024,36250,36800,36100,36150,10587200
CTG,14-10-2024,36400,36450,36050,36050,4041500
CTG,11-10-2024,36250,36300,35800,36250,4217800
CTG,10-10-2024,36450,36650,36050,36150,6226000
CTG,09-10-2024,35800,36600,35700,36100,9143500
CTG,08-10-2024,35800,36150,35550,35750,6638700
CTG,07-10-2024,35900,35950,35500,35800,5298700
CTG,04-10-2024,36150,36150,35600,35600,8545600
CTG,03-10-2024,36000,36750,35900,36200,9111600
CTG,02-10-2024,36150,36450,35950,36000,11271900
CTG,01-10-2024,36950,37100,36350,36500,12315100
CTG,30-09-2024,36900,37200,36650,36950,4842500
CTG,27-09-2024,36450,37550,36450,37000,15617800
CTG,26-09-2024,36000,36450,35450,36400,22830200
CTG,25-09-2024,36500,36600,36000,36000,9797800
CTG,24-09-2024,35900,36200,35650,36050,5546400
CTG,23-09-2024,35950,36300,35650,35900,4440300
CTG,20-09-2024,36050,36650,35950,36000,13164300
CTG,19-09-2024,35750,36200,35600,36000,5835500
CTG,18-09-2024,34950,36300,34800,35700,17487600
CTG,17-09-2024,34550,34950,34350,34950,5230100
CTG,16-09-2024,34950,34950,34500,34650,5810800
CTG,13-09-2024,34800,35000,34650,34900,3439800
CTG,12-09-2024,35250,35250,34700,35000,4999600
CTG,11-09-2024,34950,35100,34450,34950,5494300
CTG,10-09-2024,35400,35550,34800,34950,7474100
CTG,09-09-2024,35200,35450,35000,35450,5375600
CTG,06-09-2024,34800,35500,34600,35500,9157300
CTG,05-09-2024,35200,35500,34600,35000,8473400
CTG,04-09-2024,34600,35300,34450,35300,10446800
CTG,30-08-2024,35000,35100,34650,35050,8124100
CTG,29-08-2024,34950,35350,34500,35000,12531200
CTG,28-08-2024,34900,34950,34500,34900,5938900
CTG,27-08-2024,34600,35000,34250,34850,11698100
CTG,26-08-2024,35000,35000,34400,34600,9584400
CTG,23-08-2024,34400,34950,34150,34950,9860800
CTG,22-08-2024,34350,35000,34300,34600,11485500
CTG,21-08-2024,33250,34200,33000,34200,27480100
CTG,20-08-2024,32650,33350,32600,33200,10766100
CTG,19-08-2024,32500,32700,32350,32650,5863100
CTG,16-08-2024,31850,32500,31800,32500,7856100
CTG,15-08-2024,31800,31950,31450,31850,4421800
CTG,14-08-2024,31850,32000,31600,31800,4668000
CTG,13-08-2024,31850,31850,31400,31850,3764400
CTG,12-08-2024,31550,31750,31200,31700,3052300
CTG,09-08-2024,30350,31500,30350,31500,7179900
CTG,08-08-2024,30200,30450,30050,30200,5155000
CTG,07-08-2024,30650,30650,30050,30200,3892500
CTG,06-08-2024,30500,30600,29950,30550,4871100
CTG,05-08-2024,30900,30950,30000,30150,10630500
CTG,02-08-2024,31050,31550,30250,31550,10408500
CTG,01-08-2024,32000,32450,31300,31450,8811100
CTG,31-07-2024,32000,32300,31800,32000,6542400
CTG,30-07-2024,32000,32100,31800,32000,4284300
CTG,29-07-2024,32150,32350,32100,32100,3120200
CTG,26-07-2024,31550,32150,31550,32050,3281100
CTG,25-07-2024,32000,32000,31400,31550,6106000
CTG,24-07-2024,32350,32500,31700,32200,10316300
CTG,23-07-2024,33700,33700,32050,32400,9825700
CTG,22-07-2024,33200,34100,33150,33650,15868100
CTG,19-07-2024,33250,33800,32750,33400,10147600
CTG,18-07-2024,33300,33450,32750,33450,8111000
CTG,17-07-2024,32700,33800,32550,33000,22598600
CTG,16-07-2024,32150,32850,32100,32500,6589100
CTG,15-07-2024,32050,32200,32000,32100,2451000
CTG,12-07-2024,32200,32300,31900,32000,3874000
CTG,11-07-2024,32500,32600,32200,32200,3867400
CTG,10-07-2024,32700,32850,32400,32400,5205400
CTG,09-07-2024,32600,32800,32400,32700,4731800
CTG,08-07-2024,32750,32750,32300,32600,3851700
CTG,05-07-2024,32350,32850,32100,32700,5590000
CTG,04-07-2024,32400,32500,32050,32300,2526600
CTG,03-07-2024,32350,32500,32050,32350,3316100
CTG,02-07-2024,32000,32350,31900,32300,5122200
CTG,01-07-2024,30850,32000,30850,32000,3924600
CTG,28-06-2024,31300,31450,31000,31000,4521600
CTG,27-06-2024,31300,31400,31150,31300,4084600
CTG,26-06-2024,31600,31650,31050,31300,6556300
CTG,25-06-2024,31900,31900,31450,31600,5413400
CTG,24-06-2024,32200,32350,31550,31650,8439100
CTG,21-06-2024,32400,32450,32150,32200,4903100
CTG,20-06-2024,32300,32550,32000,32200,7044100
CTG,19-06-2024,32400,32550,31950,32500,6704200
CTG,18-06-2024,32750,32850,32350,32350,7746400
CTG,17-06-2024,32800,32950,32300,32750,8417900
CTG,14-06-2024,33900,33950,32800,32800,10429800
CTG,13-06-2024,34000,34150,33500,33900,14006900
CTG,12-06-2024,33250,33650,32850,33500,7591300
CTG,11-06-2024,33950,33950,33150,33200,10714500
CTG,10-06-2024,32950,33950,32900,33500,13316000
CTG,07-06-2024,32800,32900,32650,32800,4307200
CTG,06-06-2024,32500,32700,32350,32600,7437100
CTG,05-06-2024,32900,32950,32400,32400,8383500
CTG,04-06-2024,32700,32950,32450,32800,8842900
CTG,03-06-2024,32250,32800,32050,32600,9928600
CTG,31-05-2024,31800,32200,31800,31900,6190100
CTG,30-05-2024,31350,32100,31350,31800,9617600
CTG,29-05-2024,32200,32200,31650,31650,15631900
CTG,28-05-2024,32450,32500,31700,32200,24685700
CTG,27-05-2024,32700,32700,32100,32400,8217500
CTG,24-05-2024,33100,33900,32300,32500,13921600
CTG,23-05-2024,32950,33250,32600,33250,5573500
CTG,22-05-2024,33850,33900,32700,33000,11642900
CTG,21-05-2024,33450,34100,33350,33650,6079100
CTG,20-05-2024,33300,33900,33050,33350,12148300
CTG,17-05-2024,33350,33400,32900,33100,5948500
CTG,16-05-2024,32800,33700,32550,33200,14193700
CTG,15-05-2024,32450,33000,32250,32350,7928800
CTG,14-05-2024,32400,32700,32250,32300,5643900
CTG,13-05-2024,32850,32850,32250,32300,7004000
CTG,10-05-2024,33150,33150,32550,32850,4656700
CTG,09-05-2024,32800,33400,32450,32900,7196700
CTG,08-05-2024,32650,33000,32350,32600,8398000
CTG,07-05-2024,33200,33250,32800,32800,4941700
CTG,06-05-2024,32600,33250,32350,33200,7627200
CTG,03-05-2024,32450,32850,32150,32400,6160500
CTG,02-05-2024,32800,32800,32000,32350,6361000
CTG,26-04-2024,32550,33150,32150,32800,8972900
CTG,25-04-2024,32850,33000,32250,33000,4863800
CTG,24-04-2024,32000,32950,31700,32950,9012800
CTG,23-04-2024,32250,32500,31150,31500,10689200
CTG,22-04-2024,32050,32400,31700,32300,7768100
CTG,19-04-2024,32100,32750,31250,31600,13040500
CTG,17-04-2024,34250,34250,32650,32700,19095700
CTG,16-04-2024,33900,34050,32800,34050,15414300
CTG,15-04-2024,35800,36300,33400,33450,29292700
CTG,12-04-2024,33800,36050,33650,35900,23775200
CTG,11-04-2024,33300,33700,33250,33700,4179700
CTG,10-04-2024,34350,34350,33650,33650,4301500
CTG,09-04-2024,33900,34250,33550,34250,5238500
CTG,08-04-2024,33300,34250,32950,33500,12007900
CTG,05-04-2024,33200,33600,33100,33200,9834200
CTG,04-04-2024,34200,34300,33500,33550,7104500
CTG,03-04-2024,34900,35000,33900,34050,9109200
CTG,02-04-2024,34500,35200,34100,35000,6979000
CTG,01-04-2024,35400,35400,34750,35000,7918200
CTG,29-03-2024,35750,35750,35150,35550,4490100
CTG,28-03-2024,35900,35900,35300,35750,7031500
CTG,27-03-2024,35000,35500,34800,35500,5064200
CTG,26-03-2024,34750,35400,34650,35200,3801300
CTG,25-03-2024,35500,35700,34500,34700,9577000
CTG,22-03-2024,35100,36400,35000,35700,15958000
CTG,21-03-2024,34600,34900,34050,34900,9087700
CTG,20-03-2024,33200,34500,33000,34350,9484900
CTG,19-03-2024,33400,33800,32950,33300,7149600
CTG,18-03-2024,34750,35000,32350,33300,11387200
CTG,15-03-2024,34400,35400,33950,34750,9586500
CTG,14-03-2024,35200,35200,34200,34450,7010100
CTG,13-03-2024,34600,35150,34200,35150,6130500
CTG,12-03-2024,34000,34600,33950,34500,6760600
CTG,11-03-2024,34500,34750,33900,34150,7842600
CTG,08-03-2024,35800,35850,34500,34500,20828300
CTG,07-03-2024,36000,36050,35450,35800,8882900
CTG,06-03-2024,36400,36950,35650,36100,11114900
CTG,05-03-2024,36000,36450,35750,36450,7378300
CTG,04-03-2024,35600,36900,35150,36000,17569600
CTG,01-03-2024,35700,35700,35000,35600,9179700
CTG,29-02-2024,36200,36300,35200,35550,12798100
CTG,28-02-2024,36400,36450,35650,35950,9809600
CTG,27-02-2024,35700,36300,35450,36150,9066000
CTG,26-02-2024,35200,35850,35100,35650,6391800
CTG,23-02-2024,35800,37150,35000,35200,25763100
CTG,22-02-2024,35700,35750,35250,35700,7056000
CTG,21-02-2024,35250,36200,35050,35550,10391600
CTG,20-02-2024,35300,35600,34700,35200,6832100
CTG,19-02-2024,35100,35500,34500,35400,10677500
CTG,16-02-2024,35300,35300,34650,35250,7504900
CTG,15-02-2024,35600,35800,35000,35000,8849700
CTG,07-02-2024,34400,36300,34400,35500,13534000
CTG,06-02-2024,34000,34450,33850,34400,8645600
CTG,05-02-2024,31750,33900,31750,33900,21679700
CTG,02-02-2024,32000,32150,31550,31700,4536600
CTG,01-02-2024,31450,32100,31450,32050,5126100
CTG,31-01-2024,32450,32500,31300,31600,11925100
CTG,30-01-2024,32350,32450,32050,32200,3741900
CTG,29-01-2024,32100,32750,32000,32300,5875800
CTG,26-01-2024,32100,32250,31950,32100,3676400
CTG,25-01-2024,32000,32100,31600,32050,5164700
CTG,24-01-2024,31950,32400,31900,32000,4997700
CTG,23-01-2024,32650,32800,31900,32200,9136000
CTG,22-01-2024,32550,32650,31950,32650,8679800
CTG,19-01-2024,31700,32600,31450,32600,14108300
CTG,18-01-2024,31150,31600,30900,31500,8842000
CTG,17-01-2024,31050,31500,31000,31150,6739800
CTG,16-01-2024,31050,31400,30800,31400,7442400
CTG,15-01-2024,31550,31700,31000,31400,6951700
CTG,12-01-2024,30800,31850,30600,31500,17184500
CTG,11-01-2024,31100,31500,30400,31000,9746100
CTG,10-01-2024,30000,31150,29850,31000,13924900
CTG,09-01-2024,29600,30150,29300,30000,14351600
CTG,08-01-2024,29500,29800,29050,29550,12113500
CTG,05-01-2024,28750,29150,28700,29000,8765200
CTG,04-01-2024,27650,29500,27550,28600,14693100
CTG,03-01-2024,27200,27600,27050,27600,3123600
CTG,02-01-2024,27150,27250,27050,27200,3300000
CTG,29-12-2023,27200,27350,27100,27100,4655000
CTG,28-12-2023,26850,27100,26750,27100,2983700
CTG,27-12-2023,26800,26900,26750,26850,3008900
CTG,26-12-2023,26850,26950,26800,26800,3247900
CTG,25-12-2023,26550,26900,26500,26900,4083500
CTG,22-12-2023,26500,26600,26350,26450,2169200
CTG,21-12-2023,26400,26600,26250,26550,2581300
CTG,20-12-2023,26300,26600,26200,26550,2388300
CTG,19-12-2023,26100,26500,25950,26500,2308300
CTG,18-12-2023,26500,26700,26050,26050,3836500
CTG,15-12-2023,26500,26850,26350,26700,3969300
CTG,14-12-2023,26950,26950,26450,26750,3873600
CTG,13-12-2023,27150,27350,26700,26750,3629800
CTG,12-12-2023,26900,27000,26700,27000,3346200
CTG,11-12-2023,26950,27050,26700,26850,2203100
CTG,08-12-2023,27000,27100,26700,26900,3718900
CTG,07-12-2023,26750,27100,26550,26900,5656600
CTG,06-12-2023,26500,26700,26500,26650,3205700
CTG,05-12-2023,26600,26700,26500,26500,2549300
CTG,04-12-2023,26450,26600,26250,26550,7638100
CTG,01-12-2023,26450,26450,26000,26300,1962600
CTG,30-11-2023,26300,26700,26150,26300,2651700
CTG,29-11-2023,26221,26445,26132,26311,2629800
CTG,28-11-2023,26221,26221,25819,26221,2108800
CTG,27-11-2023,26534,26534,26042,26311,1511700
CTG,24-11-2023,26132,26490,25684,26490,3128400
CTG,23-11-2023,26624,26624,26132,26132,1993600
CTG,22-11-2023,26400,26579,26266,26490,2215000
CTG,21-11-2023,26713,26713,26311,26311,2217700
CTG,20-11-2023,26132,26624,26042,26445,2208700
CTG,17-11-2023,27027,27116,26355,26579,4361100
CTG,16-11-2023,26803,27116,26758,27071,2284100
CTG,15-11-2023,26937,27385,26937,27027,5453200
CTG,14-11-2023,26713,26937,26490,26669,3772500
CTG,13-11-2023,26221,26445,26132,26311,3249500
CTG,10-11-2023,26176,26311,25908,26311,3517700
CTG,09-11-2023,26266,26624,26132,26400,4986900
CTG,08-11-2023,25595,26176,25282,26176,2974800
CTG,07-11-2023,25416,25684,25326,25550,2595100
CTG,06-11-2023,25371,25684,25371,25550,2377400
CTG,03-11-2023,25416,25461,25058,25058,3639600
CTG,02-11-2023,24700,25505,24700,25282,2391900
CTG,01-11-2023,24879,24879,24431,24521,3296700
CTG,31-10-2023,24834,25058,24700,24789,2873300
CTG,30-10-2023,24745,25237,24745,24745,2108300
CTG,27-10-2023,25371,25461,24834,25237,2941000
CTG,26-10-2023,25371,25550,24655,25371,6054000
CTG,25-10-2023,26221,26400,25908,25953,1789000
CTG,24-10-2023,26221,26400,25998,26400,2597900
CTG,23-10-2023,26311,26311,25774,26221,1627400
CTG,20-10-2023,25461,26624,24968,26311,3797000
CTG,19-10-2023,25371,25595,25058,25595,1860200
CTG,18-10-2023,25595,25774,25103,25371,2295400
CTG,17-10-2023,25953,26087,25595,25595,1720400
CTG,16-10-2023,26176,26221,25774,25774,2075200
CTG,13-10-2023,26221,26490,25953,26221,1497500
CTG,12-10-2023,26579,26624,26266,26490,2497400
CTG,11-10-2023,26221,26400,25998,26400,2229400
CTG,10-10-2023,26266,26445,26132,26221,3140400
CTG,09-10-2023,25640,26132,25640,26087,1993300
CTG,06-10-2023,25505,25729,24924,25684,3154500
CTG,05-10-2023,25998,26087,25147,25147,5324500
CTG,04-10-2023,25684,26042,25595,25863,3077200
CTG,03-10-2023,26400,26400,25729,26042,7965100
CTG,02-10-2023,26937,27161,25013,26803,5334700
CTG,29-09-2023,27340,27787,26892,26892,5470700
CTG,28-09-2023,27474,27743,25819,27608,7874400
CTG,27-09-2023,27206,27743,26848,27743,3808100
CTG,26-09-2023,26758,27608,26624,27116,5255800
CTG,25-09-2023,28145,28369,26669,26669,6832400
CTG,22-09-2023,28190,28414,27743,28324,8272000
CTG,21-09-2023,28727,28772,28369,28369,6067300
CTG,20-09-2023,28727,28951,28414,28682,7159400
CTG,19-09-2023,28682,28861,28235,28727,4953200
CTG,18-09-2023,29309,29309,28459,28682,9192400
CTG,15-09-2023,29622,29980,29219,29309,7381800
CTG,14-09-2023,29309,30114,29309,29711,14175200
CTG,13-09-2023,28906,29309,28593,29130,8069400
CTG,12-09-2023,28638,28906,28414,28906,4591157
CTG,11-09-2023,29085,29309,28459,28548,8329560
CTG,08-09-2023,29264,29264,28906,28906,3724406
CTG,07-09-2023,29264,29801,29219,29219,7906305
CTG,06-09-2023,29264,29309,28861,29219,4513907
CTG,05-09-2023,29085,29532,29085,29219,6038603
CTG,31-08-2023,28772,29174,28772,29040,5322802
CTG,30-08-2023,28145,28727,28145,28727,9415201
CTG,29-08-2023,28101,28459,27966,27966,3826403
CTG,28-08-2023,27787,28011,27743,27877,5431303
CTG,25-08-2023,28414,28414,27787,27877,8726804
CTG,24-08-2023,28190,28548,27832,28414,5097915
CTG,23-08-2023,28324,28414,27787,28011,6427414
CTG,22-08-2023,28638,28682,27653,28235,5845149
CTG,21-08-2023,27653,28906,27385,28638,11983560
CTG,18-08-2023,28906,29040,27474,27474,16046215
CTG,17-08-2023,28995,29443,28861,29174,12832645
CTG,16-08-2023,28817,29264,28548,28951,8492564
CTG,15-08-2023,28906,28995,28682,28995,5310665
CTG,14-08-2023,28727,28995,28369,28906,6420159
CTG,11-08-2023,28414,28772,28011,28727,6979057
CTG,10-08-2023,29085,29219,28280,28324,7995748
CTG,09-08-2023,29085,29174,28682,29085,8134165
CTG,08-08-2023,29398,29398,28906,29174,9364852
CTG,07-08-2023,28145,29174,27966,29174,13121936
CTG,04-08-2023,27743,27743,27429,27743,7557354
CTG,03-08-2023,27698,27832,27474,27653,8198048
CTG,02-08-2023,27295,27877,27295,27787,13380448
CTG,01-08-2023,27027,27564,26937,27206,14663746
CTG,31-07-2023,26758,26848,26490,26848,5765951
CTG,28-07-2023,26311,26400,26221,26400,5309848
CTG,27-07-2023,26713,26758,26221,26266,7951528
CTG,26-07-2023,26803,26892,26579,26669,6175131
CTG,25-07-2023,26803,27116,26713,26758,6091922
CTG,24-07-2023,26758,26937,26624,26669,5284751
CTG,21-07-2023,26534,26669,26400,26579,5557432
CTG,20-07-2023,26758,26758,26445,26534,4693813
CTG,19-07-2023,26848,26892,26400,26758,6760400
CTG,18-07-2023,26579,26848,26579,26713,4670900
CTG,17-07-2023,26758,26803,26445,26579,6601701
CTG,14-07-2023,26848,27027,26311,26758,8067000
CTG,13-07-2023,27027,27027,26713,26848,5322700
CTG,12-07-2023,27116,27206,26669,26848,6413800
CTG,11-07-2023,26803,27385,26803,27116,14508800
CTG,10-07-2023,26624,26669,26400,26579,8698900
CTG,07-07-2023,26176,26490,25998,26490,3913600
CTG,06-07-2023,26445,26490,25819,26266,7090000
CTG,05-07-2023,26445,26579,26266,26445,4586500
CTG,04-07-2023,26087,26400,25998,26355,5125500
CTG,03-07-2023,26400,26490,26132,26176,4679401
CTG,30-06-2023,26579,26624,26266,26400,5653900
CTG,29-06-2023,26848,26937,26400,26758,5201200
CTG,28-06-2023,26311,27027,26266,26848,8813900
CTG,27-06-2023,26221,26266,25953,26266,5286100
CTG,26-06-2023,25998,26355,25863,26176,6462100
CTG,23-06-2023,26400,26445,26087,26176,5753700
CTG,22-06-2023,26221,26534,26132,26355,5102500
CTG,21-06-2023,26042,26221,25819,26087,4840200
CTG,20-06-2023,25640,26132,25550,26132,5281600
CTG,19-06-2023,25550,25819,25550,25595,3524700
CTG,16-06-2023,25998,26132,25505,25505,7432700
CTG,15-06-2023,25684,26266,25684,25953,9803600
CTG,14-06-2023,25461,26132,25461,25684,17453300
CTG,13-06-2023,25371,25461,25237,25326,7103200
CTG,12-06-2023,25416,25461,24924,25416,10534400
CTG,09-06-2023,25550,25640,25147,25371,9112800
CTG,08-06-2023,25863,25953,25550,25550,6765700
CTG,07-06-2023,25819,26132,25729,25863,7966700
CTG,06-06-2023,25819,25953,25595,25684,8906600
CTG,05-06-2023,25863,25998,25640,25729,5065800
CTG,02-06-2023,25103,25729,25058,25640,14681900
CTG,01-06-2023,25058,25147,24924,25013,2515200
CTG,31-05-2023,25103,25103,24879,25058,8564985
CTG,30-05-2023,25147,25192,24968,25103,3048100
CTG,29-05-2023,24879,25192,24879,25058,4860900
CTG,26-05-2023,24700,24879,24610,24879,3381900
CTG,25-05-2023,24745,24879,24655,24700,3099700
CTG,24-05-2023,25058,25058,24700,24834,3921700
CTG,23-05-2023,25147,25147,24789,24968,4048500
CTG,22-05-2023,25058,25237,25013,25013,3167100
CTG,19-05-2023,24968,25237,24745,25058,2085300
CTG,18-05-2023,24789,24968,24610,24834,4714700
CTG,17-05-2023,25058,25147,24610,24610,5272300
CTG,16-05-2023,25237,25282,25013,25013,3107900
CTG,15-05-2023,25505,25640,25147,25147,6862500
CTG,12-05-2023,25371,25416,25192,25416,3915800
CTG,11-05-2023,25416,25461,25282,25371,3048300
CTG,10-05-2023,25103,25282,25013,25282,5574200
CTG,09-05-2023,25103,25282,25058,25058,2939401
CTG,08-05-2023,25058,25103,24924,24968,3731900
CTG,05-05-2023,25282,25326,24879,24924,4340400
CTG,04-05-2023,25595,25595,25237,25282,2874901
CTG,28-04-2023,25505,25819,25505,25819,4415900
CTG,27-04-2023,25416,25684,25371,25371,2008300
CTG,26-04-2023,25505,25774,25013,25416,3821400
CTG,25-04-2023,25953,25953,25505,25505,1310600
CTG,24-04-2023,25550,26132,25237,25863,2792900
CTG,21-04-2023,25505,25729,25505,25595,958500
CTG,20-04-2023,25640,25729,25416,25729,1358400
CTG,19-04-2023,25998,26087,25640,25684,3718400
CTG,18-04-2023,26132,26221,25953,26042,1207200
CTG,17-04-2023,26042,26221,25774,26132,1388300
CTG,14-04-2023,26355,26400,26042,26042,1542400
CTG,13-04-2023,26311,26400,26042,26311,1465900
CTG,12-04-2023,26579,26579,26311,26400,4422800
CTG,11-04-2023,26355,26490,26132,26490,1230200
CTG,10-04-2023,26400,26579,26221,26266,1899500
CTG,07-04-2023,26400,26445,26221,26400,1611600
CTG,06-04-2023,26848,26848,26445,26445,1980300
CTG,05-04-2023,26534,26937,26266,26848,3508900
CTG,04-04-2023,26803,26803,26445,26534,2270100
CTG,03-04-2023,26400,26892,26311,26803,3802300
CTG,31-03-2023,25863,26132,25684,26132,2331800
CTG,30-03-2023,26042,26132,25774,25953,1516300
CTG,29-03-2023,25774,25998,25774,25953,1729300
CTG,28-03-2023,25729,25953,25729,25863,2114500
CTG,27-03-2023,25505,25863,25326,25729,1392700
CTG,24-03-2023,25684,25819,25326,25505,2659100
CTG,23-03-2023,25237,25684,25147,25684,2956100
CTG,22-03-2023,25461,25684,25237,25505,1499500
CTG,21-03-2023,25595,25595,25058,25326,1056300
CTG,20-03-2023,25908,25908,25058,25058,1731400
CTG,17-03-2023,25998,26221,25774,25953,1136900
CTG,16-03-2023,25953,26132,25505,25908,2230600
CTG,15-03-2023,26221,26490,25998,26400,2836300
CTG,14-03-2023,26176,26176,25371,25953,2223800
CTG,13-03-2023,25640,26311,25595,26221,1859400
CTG,10-03-2023,26176,26176,25684,26132,1704000
CTG,09-03-2023,26311,26579,26176,26311,2763600
CTG,08-03-2023,25505,26400,25461,26311,4416500
CTG,07-03-2023,25371,25953,25371,25953,3151600
CTG,06-03-2023,24924,25729,24924,25371,3193600
CTG,03-03-2023,25058,25058,24566,24879,1868100
CTG,02-03-2023,25326,25371,24834,24879,1829900
CTG,01-03-2023,24476,25282,24252,25282,2258600
CTG,28-02-2023,24879,25058,24521,24521,1305600
CTG,27-02-2023,25237,25237,24566,24655,1798800
CTG,24-02-2023,25863,25863,25282,25282,2218200
CTG,23-02-2023,25505,25953,25326,25953,4133200
CTG,22-02-2023,26490,26579,25863,25863,4014800
CTG,21-02-2023,27206,27295,26713,26713,3005300
CTG,20-02-2023,26713,27250,26579,27250,4643900
CTG,17-02-2023,26579,26758,26311,26534,2537100
CTG,16-02-2023,25998,26803,25908,26579,3021100
CTG,15-02-2023,25684,26266,25595,25863,1473700
CTG,14-02-2023,26221,26311,25684,25684,1752200
CTG,13-02-2023,25819,26221,25774,26087,2183600
CTG,10-02-2023,26311,26669,26042,26042,2173300
CTG,09-02-2023,26758,27027,26311,26311,2771300
CTG,08-02-2023,26176,27027,26132,26758,3228400
CTG,07-02-2023,26669,27027,26087,26132,3304700
CTG,06-02-2023,25774,26758,25550,26758,2700000
CTG,03-02-2023,26132,26311,25998,25998,3667300
CTG,02-02-2023,25953,26355,25684,26132,3365700
CTG,01-02-2023,27295,27429,25505,25953,4562000
CTG,31-01-2023,26579,27295,26400,27295,3448000
CTG,30-01-2023,26848,26982,26579,26624,3938500
CTG,27-01-2023,27832,27966,27027,27161,3426200
CTG,19-01-2023,27474,27832,26982,27832,5157400
CTG,18-01-2023,27385,27608,27206,27519,3324700
CTG,17-01-2023,26937,27429,26937,27385,3475900
CTG,16-01-2023,26042,26848,25863,26848,5564391
CTG,13-01-2023,26042,26132,25416,26042,2974400
CTG,12-01-2023,26042,26132,25729,25863,3029500
CTG,11-01-2023,25595,26087,25595,26042,3475200
CTG,10-01-2023,26132,26132,25550,25550,3125300
CTG,09-01-2023,25684,26042,25684,26042,4251600
CTG,06-01-2023,25505,26176,25103,25595,6855200
CTG,05-01-2023,25505,25729,25282,25505,2113300
CTG,04-01-2023,25058,25863,24968,25505,5903700
CTG,03-01-2023,24476,25058,24387,25058,3477200
CTG,30-12-2022,24163,24476,23939,24387,1394100
CTG,29-12-2022,24252,24610,24073,24163,1838100
CTG,28-12-2022,23805,24342,23536,24297,1890200
CTG,27-12-2022,23357,23939,23268,23805,3610900
CTG,26-12-2022,24745,24789,23268,23313,3558900
CTG,23-12-2022,24610,25013,24431,24745,3027900
CTG,22-12-2022,24610,25192,24610,24700,3383200
CTG,21-12-2022,25058,25058,24163,24610,3061700
CTG,20-12-2022,24655,25058,23805,25058,6698800
CTG,19-12-2022,25058,25505,24655,24655,5466900
CTG,16-12-2022,24834,25282,24834,25103,3340100
CTG,15-12-2022,24968,25282,24968,25282,3529300
CTG,14-12-2022,25416,25461,24924,24968,2580100
CTG,13-12-2022,24431,25237,24252,25192,3912200
CTG,12-12-2022,25058,25237,24566,24566,3993100
CTG,09-12-2022,24879,25103,24208,25103,5287800
CTG,08-12-2022,24700,25863,24521,24879,5342700
CTG,07-12-2022,24073,24879,23939,24476,4159300
CTG,06-12-2022,25147,25595,24029,24163,7721900
CTG,05-12-2022,25505,25595,24879,25595,7687500
CTG,02-12-2022,23536,25013,23313,25013,9082500
CTG,01-12-2022,24476,24789,23268,23402,10765700
CTG,30-11-2022,24208,25058,23850,24387,6514800
CTG,29-11-2022,24163,24521,23357,24521,9674400
CTG,28-11-2022,23357,24566,23357,24431,11610400
CTG,25-11-2022,22284,23089,22060,23089,14164700
CTG,24-11-2022,21702,22015,21299,22015,4181700
CTG,23-11-2022,21389,22149,21299,21836,6020300
CTG,22-11-2022,21389,22284,21031,21389,7689900
CTG,21-11-2022,22105,22194,21568,21568,5780300
CTG,18-11-2022,21970,22373,21031,22105,11616200
CTG,17-11-2022,22373,23089,22060,22373,11877400
CTG,16-11-2022,19957,22284,19912,22194,13029200
CTG,15-11-2022,21120,21389,19912,20941,12492800
CTG,14-11-2022,20762,21791,20359,21389,9034900
CTG,11-11-2022,21254,21747,20941,21120,9790500
CTG,10-11-2022,21568,21747,20359,20359,9623300
CTG,09-11-2022,21568,22239,21478,21881,11208700
CTG,08-11-2022,20583,21612,20583,21344,8346600
CTG,07-11-2022,21747,21926,20628,20896,7325600
CTG,04-11-2022,20941,21926,19688,21926,14707000
CTG,03-11-2022,21075,21568,21031,21120,7579200
CTG,02-11-2022,21523,21970,21344,21478,5390300
CTG,01-11-2022,22105,22776,21836,21881,8831500
CTG,31-10-2022,21747,22060,20896,22015,10319500
CTG,28-10-2022,21747,22284,21478,21523,7631500
CTG,27-10-2022,20359,21433,20136,21433,8203600
CTG,26-10-2022,20091,20762,20002,20046,3499600
CTG,25-10-2022,18972,20091,18749,20091,8715300
CTG,24-10-2022,19420,19688,18614,18793,5015000
CTG,21-10-2022,20807,20807,19375,19375,6728600
CTG,20-10-2022,20762,21210,20270,20807,3928500
CTG,19-10-2022,20583,20896,20181,20762,4225800
CTG,18-10-2022,20494,20941,20449,20583,3945400
CTG,17-10-2022,20225,20359,19599,20181,4785300
CTG,14-10-2022,20449,20538,20091,20315,7182200
CTG,13-10-2022,19062,20046,18928,20046,7428400
CTG,12-10-2022,17898,18928,17809,18928,6259200
CTG,11-10-2022,18525,18570,17451,17719,6735200
CTG,10-10-2022,17630,18749,17451,18525,4943200
CTG,07-10-2022,19062,19062,17854,17854,8501600
CTG,06-10-2022,19688,19912,19017,19151,4256200
CTG,05-10-2022,19062,19867,19062,19688,4480300
CTG,04-10-2022,19688,20315,18346,18570,6135700
CTG,03-10-2022,20315,20583,19330,19330,5690400
CTG,30-09-2022,20270,20807,20091,20762,5517300
CTG,29-09-2022,21075,21389,20225,20225,3417400
CTG,28-09-2022,20941,21254,20852,20852,2714800
CTG,27-09-2022,21031,21389,20852,20986,2516800
CTG,26-09-2022,22105,22105,20807,21031,6512500
CTG,23-09-2022,22731,22910,22373,22373,1658100
CTG,22-09-2022,22642,22910,22373,22731,3276900
CTG,21-09-2022,23178,23223,22821,22865,1711900
CTG,20-09-2022,22910,23268,22910,23268,2001200
CTG,19-09-2022,23223,23402,22597,22821,2487600
CTG,16-09-2022,23805,24073,23447,23447,1983400
CTG,15-09-2022,24163,24431,24073,24073,1345100
CTG,14-09-2022,24163,24342,24073,24163,2183200
CTG,13-09-2022,24252,24745,24208,24610,2478900
CTG,12-09-2022,24163,24387,24163,24208,1673958
CTG,09-09-2022,24118,24342,23581,24029,1820400
CTG,08-09-2022,24610,24700,24029,24029,3709100
CTG,07-09-2022,25282,25416,24476,24476,4257500
CTG,06-09-2022,24968,25640,24968,25282,3040400
CTG,05-09-2022,25282,25371,24968,25013,1805800
CTG,31-08-2022,25326,25505,24968,25282,2075300
CTG,30-08-2022,24968,25550,24968,25416,4085000
CTG,29-08-2022,25192,25237,24700,24968,4119900
CTG,26-08-2022,25863,25863,25371,25461,3965700
CTG,25-08-2022,25371,25684,25147,25684,4240600
CTG,24-08-2022,25371,25550,25192,25237,3127900
CTG,23-08-2022,24879,25192,24745,25058,4507300
CTG,22-08-2022,25282,25416,24924,25058,5609300
CTG,19-08-2022,25640,25998,25237,25282,4899700
CTG,18-08-2022,26042,26087,25729,25729,3643900
CTG,17-08-2022,26221,26355,26042,26042,3782100
CTG,16-08-2022,26355,26400,26042,26132,3887512
CTG,15-08-2022,25819,26355,25774,26355,6225200
CTG,12-08-2022,25550,25684,25416,25640,1941500
CTG,11-08-2022,25729,25953,25416,25505,4453400
CTG,10-08-2022,25595,25819,25371,25461,3664500
CTG,09-08-2022,25998,26042,25640,25774,3627800
CTG,08-08-2022,25998,26176,25819,25953,3291700
CTG,05-08-2022,25863,26042,25684,25953,2954300
CTG,04-08-2022,26132,26221,25729,25819,5360900
CTG,03-08-2022,25416,26176,25326,26042,6140900
CTG,02-08-2022,25595,25908,25371,25595,4570600
CTG,01-08-2022,24655,25684,24655,25684,8757900
CTG,29-07-2022,24834,25058,24342,24342,5464700
CTG,28-07-2022,24342,25237,24163,24700,9197200
CTG,27-07-2022,23626,24163,23492,24163,1748200
CTG,26-07-2022,24029,24073,23715,23760,2693000
CTG,25-07-2022,23939,24252,23805,23805,2220100
CTG,22-07-2022,24700,24745,24073,24073,3403000
CTG,21-07-2022,24208,24610,24208,24610,4824700
CTG,20-07-2022,24118,24476,23805,24208,4316400
CTG,19-07-2022,23939,24073,23536,23760,2852900
CTG,18-07-2022,24252,24342,24073,24073,3976500
CTG,15-07-2022,24342,24610,24163,24163,9134300
CTG,14-07-2022,23715,24342,23536,24163,6162300
CTG,13-07-2022,23044,24118,23044,23760,3868900
CTG,12-07-2022,22821,23268,22731,23000,4441500
CTG,11-07-2022,23134,23134,22776,22821,2552300
CTG,08-07-2022,23715,23850,23044,23178,2655300
CTG,07-07-2022,23178,23984,23089,23536,3333500
CTG,06-07-2022,23492,24073,23089,23134,4331400
CTG,05-07-2022,23760,24610,23760,24163,4934900
CTG,04-07-2022,24297,24297,23805,23805,4009200
CTG,01-07-2022,23447,24163,22865,24118,3534400
CTG,30-06-2022,23984,24118,23357,23402,3116800
CTG,29-06-2022,23760,24163,23760,24029,3769100
CTG,28-06-2022,22821,24476,22328,23894,9338000
CTG,27-06-2022,22149,22955,22105,22910,4017800
CTG,24-06-2022,22597,22821,22105,22149,2945000
CTG,23-06-2022,21031,22597,21031,22597,4669100
CTG,22-06-2022,20896,21478,20896,21120,2892500
CTG,21-06-2022,20136,21075,20136,20628,4588400
CTG,20-06-2022,20941,21344,20225,20225,4733900
CTG,17-06-2022,21478,21612,20628,21075,3221800
CTG,16-06-2022,22194,22552,21926,22105,2961700
CTG,15-06-2022,22373,22731,21523,21926,3205400
CTG,14-06-2022,22373,23044,22105,22597,2936700
CTG,13-06-2022,23715,23805,22597,22597,6956600
CTG,10-06-2022,24610,24700,24252,24252,3296400
CTG,09-06-2022,24968,24968,24610,24789,3092700
CTG,08-06-2022,24521,25147,24431,24789,5453400
CTG,07-06-2022,24342,24521,23715,24521,2889500
CTG,06-06-2022,24521,24834,24342,24342,3756100
CTG,03-06-2022,24521,24700,24029,24521,2339500
CTG,02-06-2022,24834,25058,24431,24834,4391900
CTG,01-06-2022,24655,25058,24610,24834,4137200
CTG,31-05-2022,24208,25013,24163,24968,6177500
CTG,30-05-2022,24208,24521,24163,24431,2818400
CTG,27-05-2022,24163,24387,23894,24163,3929200
CTG,26-05-2022,24387,24387,23760,23894,3900600
CTG,25-05-2022,23268,24163,23268,24073,5502000
CTG,24-05-2022,22373,23268,22373,23268,4449100
CTG,23-05-2022,23223,23447,22373,22373,4328800
CTG,20-05-2022,23357,23671,23134,23178,5051800
CTG,19-05-2022,23268,23626,23089,23357,4270100
CTG,18-05-2022,23760,24387,23536,23805,6546500
CTG,17-05-2022,21836,23492,21836,23492,5909200
CTG,16-05-2022,22373,22686,21926,21970,5223400
CTG,13-05-2022,22373,22507,21031,21389,8034400
CTG,12-05-2022,23313,23805,22239,22373,6390806
CTG,11-05-2022,22686,24073,22552,23894,5787100
CTG,10-05-2022,21478,22642,21478,22552,6494400
CTG,09-05-2022,23894,23984,22507,22507,5432800
CTG,06-05-2022,24431,24968,24163,24163,2455600
CTG,05-05-2022,24521,24968,24163,24968,4604600
CTG,04-05-2022,24834,25058,24073,24163,4604700
CTG,29-04-2022,24924,25371,24834,24834,6067200
CTG,28-04-2022,25326,25461,25013,25237,2072300
CTG,27-04-2022,24745,25326,24610,25326,3380800
CTG,26-04-2022,24163,24834,22821,24745,6097600
CTG,25-04-2022,26266,26266,24476,24476,6875600
CTG,22-04-2022,26355,26490,25863,26311,3585200
CTG,21-04-2022,25595,26400,25416,25953,5307000
CTG,20-04-2022,25729,26221,25550,25684,4259300
CTG,19-04-2022,26400,26758,25729,25729,4637100
CTG,18-04-2022,27653,27653,26132,26132,8523800
CTG,15-04-2022,28145,28145,27653,27743,5073900
CTG,14-04-2022,28190,28548,27877,27922,2929200
CTG,13-04-2022,27922,28324,27922,28190,4307400
CTG,12-04-2022,28772,28817,27743,27743,5830076
CTG,08-04-2022,29085,29130,28682,28682,5331500
CTG,07-04-2022,29264,29532,28951,29130,6180300
CTG,06-04-2022,28727,29219,28727,29174,5774800
CTG,05-04-2022,29085,29353,28951,28951,6075100
CTG,04-04-2022,29890,29890,29398,29398,6793500
CTG,01-04-2022,29085,29667,29040,29577,8660000
CTG,31-03-2022,28727,29174,28727,29040,4793800
CTG,30-03-2022,28548,29130,28503,28682,5158200
CTG,29-03-2022,28638,28727,28548,28638,3822900
CTG,28-03-2022,28817,29130,28459,28459,6550700
CTG,25-03-2022,29085,29264,28727,28817,6095200
CTG,24-03-2022,29353,29443,29130,29130,4490100
CTG,23-03-2022,29532,29935,29398,29398,4160700
CTG,22-03-2022,29353,29756,29353,29532,6211300
CTG,21-03-2022,29353,29488,29130,29398,3447300
CTG,18-03-2022,29443,29711,29353,29353,4224200
CTG,17-03-2022,28906,29488,28817,29264,8970900
CTG,16-03-2022,28861,28951,28638,28638,5669000
CTG,15-03-2022,28593,28861,28503,28593,3683000
CTG,14-03-2022,28906,28995,28459,28548,5192425
CTG,11-03-2022,28727,28995,28682,28861,3831000
CTG,10-03-2022,29085,29264,28727,28727,3810500
CTG,09-03-2022,28727,28951,28369,28638,5852700
CTG,08-03-2022,28638,29040,28593,28682,7175000
CTG,07-03-2022,28727,29085,28727,28772,10401400
CTG,04-03-2022,29219,29488,28995,29309,6353800
CTG,03-03-2022,28727,29174,28682,29174,6723200
CTG,02-03-2022,29711,29756,28548,28638,20423400
CTG,01-03-2022,29801,30069,29667,29801,7857300
CTG,28-02-2022,30293,30293,29667,29667,12721000
CTG,25-02-2022,30517,30696,30159,30293,10252900
CTG,24-02-2022,30964,31054,29622,30293,16597000
CTG,23-02-2022,31233,31457,31054,31188,6729000
CTG,22-02-2022,30427,31054,30204,30964,9003800
CTG,21-02-2022,30964,31188,30248,30785,12478600
CTG,18-02-2022,31009,31278,30920,30964,8303800
CTG,17-02-2022,31099,31457,31009,31233,5945600
CTG,16-02-2022,31591,31680,30920,31009,7978400
CTG,15-02-2022,31143,31501,30875,31278,13310400
CTG,14-02-2022,32530,32665,30964,30964,15118300
CTG,11-02-2022,32978,33381,32933,32933,10527100
CTG,10-02-2022,32575,33023,32307,32888,8989600
CTG,09-02-2022,32665,33202,32530,32530,9201900
CTG,08-02-2022,32396,33112,32262,32665,9247100
CTG,07-02-2022,33470,33470,32486,32486,14883200
CTG,28-01-2022,32933,33470,32844,33023,8833583
CTG,27-01-2022,33246,33694,32844,33023,11860400
CTG,26-01-2022,33560,34186,33157,33694,21981300
CTG,25-01-2022,31859,33112,31859,33112,18851200
CTG,24-01-2022,31770,32620,31636,31904,17645400
CTG,21-01-2022,31412,32665,31143,31815,15444662
CTG,20-01-2022,29980,31725,29622,31412,13979600
CTG,19-01-2022,31233,31457,30204,30248,10911800
CTG,18-01-2022,31054,31904,30606,30920,15219400
CTG,17-01-2022,31859,32888,30696,31322,27495800
CTG,14-01-2022,31322,32038,30964,31725,9501900
CTG,13-01-2022,30785,32396,30562,31457,35249400
CTG,12-01-2022,29532,30606,28861,30562,12951800
CTG,11-01-2022,29980,30159,29309,29532,7304800
CTG,10-01-2022,29801,30114,29577,29801,10710900
CTG,07-01-2022,30427,30830,29622,29711,12412400
CTG,06-01-2022,30875,30920,30293,30427,12097200
CTG,05-01-2022,31322,31501,31054,31099,10965100
CTG,04-01-2022,30830,31278,30606,31099,12031300
CTG,31-12-2021,30427,31233,30338,30338,13502700
CTG,30-12-2021,30517,30785,30248,30248,6646600
CTG,29-12-2021,30427,30830,30338,30562,10420000
CTG,28-12-2021,29980,30651,29890,30338,14410900
CTG,27-12-2021,29532,29935,29398,29890,8234200
CTG,24-12-2021,28593,29532,28503,29443,6995383
CTG,23-12-2021,28369,28817,27787,28817,9179900
CTG,22-12-2021,28861,28861,28235,28324,10572547
CTG,21-12-2021,28995,29264,28638,28638,7922900
CTG,20-12-2021,29443,29532,28995,29040,5162900
CTG,17-12-2021,29085,29711,28906,29488,9164500
CTG,16-12-2021,29040,29264,28817,29085,6675900
CTG,15-12-2021,28995,29264,28817,28861,5663300
CTG,14-12-2021,29532,29577,28951,28995,7709100
CTG,13-12-2021,29613,29788,29264,29264,8166600
CTG,10-12-2021,29526,29875,29264,29308,5987600
CTG,09-12-2021,28827,29482,28740,29482,6260700
CTG,08-12-2021,28784,29046,28565,28827,6444700
CTG,07-12-2021,28390,28740,28259,28565,6840100
CTG,06-12-2021,28827,29133,27604,28041,13591200
CTG,03-12-2021,29875,29875,28827,28827,9828100
CTG,02-12-2021,30050,30356,29526,29526,7856200
CTG,01-12-2021,29308,29701,29046,29701,9174700
CTG,30-11-2021,30574,30662,29089,29308,11267800
CTG,29-11-2021,29308,30312,29308,29919,13978700
CTG,26-11-2021,30749,30967,29788,29963,16158800
CTG,25-11-2021,31273,31273,30618,30705,14305500
CTG,24-11-2021,29875,30924,29744,30924,25702800
CTG,23-11-2021,30094,30094,29439,29788,10013282
CTG,22-11-2021,28871,30443,28827,30138,27954800
CTG,19-11-2021,28128,29002,28085,28652,21902100
CTG,18-11-2021,28172,28390,27866,28085,10052800
CTG,17-11-2021,28347,28390,28085,28172,6794600
CTG,16-11-2021,28216,28609,28128,28303,9090900
CTG,15-11-2021,28827,28958,28172,28390,9645400
CTG,12-11-2021,27735,28565,27604,28565,11562547
CTG,11-11-2021,28303,28390,27517,27910,14163000
CTG,10-11-2021,28827,28915,28390,28390,8962900
CTG,09-11-2021,28784,29133,28609,28784,15721400
CTG,08-11-2021,28565,28784,27954,28652,11310800
CTG,05-11-2021,28609,28652,28128,28565,10491300
CTG,04-11-2021,29002,29002,28434,28478,11569334
CTG,03-11-2021,28390,29046,28259,28827,21165600
CTG,02-11-2021,28128,28478,27997,28303,12811700
CTG,01-11-2021,27779,28303,27604,28128,17976000
CTG,29-10-2021,27517,27735,27298,27517,13817400
CTG,28-10-2021,27386,27430,27080,27342,14396300
CTG,27-10-2021,26381,27255,26163,27167,19588100
CTG,26-10-2021,26119,26469,25944,26119,6055000
CTG,25-10-2021,25901,26338,25639,26119,8188800
CTG,22-10-2021,26032,26119,25901,25901,4293800
CTG,21-10-2021,26250,26294,25988,25988,7759500
CTG,20-10-2021,26556,26556,25813,26207,9264000
CTG,19-10-2021,26556,26687,26381,26469,6940900
CTG,18-10-2021,26862,26949,26338,26381,10111400
CTG,15-10-2021,26818,27036,26643,26774,8315125
CTG,14-10-2021,26818,26993,26643,26731,11165700
CTG,13-10-2021,26905,27342,26818,26818,7125200
CTG,12-10-2021,27211,27517,26862,26905,11385125
CTG,11-10-2021,25857,27080,25857,27080,17560800
CTG,08-10-2021,25770,25901,25639,25726,6715500
CTG,07-10-2021,25682,25901,25551,25639,7918400
CTG,06-10-2021,25988,26032,25377,25595,6885600
CTG,05-10-2021,25333,25813,25333,25770,8824300
CTG,04-10-2021,25857,25944,25071,25071,20181900
CTG,01-10-2021,26556,26687,25944,25988,13373497
CTG,30-09-2021,26556,26949,26556,26556,7829000
CTG,29-09-2021,27036,27080,26512,26556,10521500
CTG,28-09-2021,26905,27124,26818,27036,6725900
CTG,27-09-2021,27779,27866,27080,27080,9860400
CTG,24-09-2021,27692,27866,27604,27692,6372510
CTG,23-09-2021,27517,27866,27430,27604,8174400
CTG,22-09-2021,27430,27561,27211,27386,7826100
CTG,21-09-2021,27517,27692,27342,27517,8136200
CTG,20-09-2021,28216,28216,27823,27823,9441100
CTG,17-09-2021,27735,28085,27692,27779,6970310
CTG,16-09-2021,27517,27997,27430,27648,7372600
CTG,15-09-2021,27080,27517,27080,27211,7128400
CTG,14-09-2021,27866,27997,27255,27255,9086700
CTG,13-09-2021,28172,28259,27779,27823,8493400
CTG,10-09-2021,28390,28565,28216,28216,6653200
CTG,09-09-2021,28085,28303,28041,28303,7736900
CTG,08-09-2021,28652,28871,27954,28085,8356000
CTG,07-09-2021,28085,28784,28085,28521,10817600
CTG,06-09-2021,27997,28216,27779,27997,11642700
CTG,01-09-2021,27779,28216,27604,27997,15294300
CTG,31-08-2021,28390,28434,27779,27779,12240800
CTG,30-08-2021,27430,28216,27342,28216,14548682
CTG,27-08-2021,26818,27255,26294,27211,23667306
CTG,26-08-2021,28216,28565,27167,27255,21117401
CTG,25-08-2021,28565,28652,27692,28085,18206800
CTG,24-08-2021,28740,29002,28521,28609,11178500
CTG,23-08-2021,28565,29220,28521,28565,19696000
CTG,20-08-2021,29963,30356,27954,28565,23431900
CTG,19-08-2021,30006,30138,29832,29963,11662200
CTG,18-08-2021,30312,30400,29963,30138,11145200
CTG,17-08-2021,30924,31011,30181,30225,11928200
CTG,16-08-2021,29963,30967,29788,30662,21662500
CTG,13-08-2021,30050,30225,29439,29963,12211300
CTG,12-08-2021,30138,30356,29963,30050,13117700
CTG,11-08-2021,30269,30662,29963,29963,17304500
CTG,10-08-2021,30531,30531,30094,30269,12035700
CTG,09-08-2021,29788,30225,29657,30181,15918800
CTG,06-08-2021,30006,30487,29788,29832,18941900
CTG,05-08-2021,29613,29875,29351,29875,13354900
CTG,04-08-2021,29963,30094,29613,29701,15293800
CTG,03-08-2021,29482,29788,29046,29788,22282600
CTG,02-08-2021,29526,29875,29395,29482,25694900
CTG,30-07-2021,29701,30312,29657,30050,20799300
CTG,29-07-2021,29089,29832,29002,29613,18273000
CTG,28-07-2021,28390,28915,28390,28740,7149800
CTG,27-07-2021,28390,29133,28303,28390,15896500
CTG,26-07-2021,28128,28390,27779,28085,10150900
CTG,23-07-2021,28958,29439,28390,28390,16262300
CTG,22-07-2021,28696,29657,28609,29264,13404000
CTG,21-07-2021,29220,29570,28565,28696,10720500
CTG,20-07-2021,28216,29089,27648,29046,20454800
CTG,19-07-2021,29264,29657,28172,28172,20727100
CTG,16-07-2021,30924,30924,30269,30269,9778600
CTG,15-07-2021,29526,30967,29351,30574,15110200
CTG,14-07-2021,30269,30880,29439,29439,16778800
CTG,13-07-2021,31011,31404,29526,30225,11766000
CTG,12-07-2021,32365,32409,30574,30574,28087400
CTG,09-07-2021,33370,33894,32321,32846,18568100
CTG,08-07-2021,34331,34942,33719,33719,14109100
CTG,07-07-2021,33894,34243,32846,34112,27043900
CTG,06-07-2021,35532,36006,32825,32825,26748500
CTG,05-07-2021,35668,35871,34856,35262,19790400
CTG,02-07-2021,35668,36006,35465,35668,17149400
CTG,01-07-2021,35668,36074,35126,35465,29466200
CTG,30-06-2021,36548,36886,35532,35668,32407900
CTG,29-06-2021,36818,37021,36209,36480,19414500
CTG,28-06-2021,36886,37089,36412,36818,14229500
CTG,25-06-2021,36006,36412,35465,36412,14298400
CTG,24-06-2021,36548,37021,35938,36141,24728300
CTG,23-06-2021,35329,36209,35126,35668,16906300
CTG,22-06-2021,34314,35465,33908,35126,21930600
CTG,21-06-2021,34314,34856,33840,34043,11440800
CTG,18-06-2021,34788,35532,34517,34653,13402400
CTG,17-06-2021,33502,34517,33434,34179,17430700
CTG,16-06-2021,34923,34923,34179,34179,21563600
CTG,15-06-2021,35532,35871,35059,35262,16190500
CTG,14-06-2021,36074,36548,35194,35532,14656200
CTG,11-06-2021,33840,35803,33570,35803,18563900
CTG,10-06-2021,34179,34449,33502,33502,11906800
CTG,09-06-2021,33502,34517,32825,34179,15100700
CTG,08-06-2021,34923,35532,33164,33164,16168500
CTG,07-06-2021,36345,36412,34517,35194,18035800
CTG,04-06-2021,36345,37157,36277,36548,13070000
CTG,03-06-2021,35871,36683,35194,36277,18014800
CTG,02-06-2021,35059,35803,34923,35194,14955300
CTG,01-06-2021,36209,36480,35532,35600,10726300
CTG,31-05-2021,34653,35938,34517,35938,17702200
CTG,28-05-2021,34246,34720,33908,34653,16933700
CTG,27-05-2021,34923,34991,33840,33976,20004800
CTG,26-05-2021,34653,35059,34382,34856,14350100
CTG,25-05-2021,34856,35194,34585,34585,11781800
CTG,24-05-2021,33028,34923,32893,34653,31077900
CTG,21-05-2021,33096,33367,32622,32656,15973000
CTG,20-05-2021,32927,33096,32521,33096,14316500
CTG,19-05-2021,31675,32656,31472,32487,19470800
CTG,18-05-2021,31573,31776,31268,31505,18153600
CTG,17-05-2021,31844,32216,31404,31641,17025300
CTG,14-05-2021,31810,32114,31573,31810,17352600
CTG,13-05-2021,30253,31911,30219,31472,35007159
CTG,12-05-2021,29712,30456,29678,30456,20102800
CTG,11-05-2021,30287,30389,29915,29915,15717800
CTG,10-05-2021,30456,30524,30118,30321,25185800
CTG,07-05-2021,28798,29712,28629,29644,25837800
CTG,06-05-2021,29103,29576,28900,29035,20011300
CTG,05-05-2021,29509,30050,29340,29340,22540900
CTG,04-05-2021,27106,29103,27106,29103,25443700
CTG,29-04-2021,27072,27648,26903,27614,14261400
CTG,28-04-2021,26802,27377,26768,26903,7986500
CTG,27-04-2021,26768,27140,26599,26835,7161800
CTG,26-04-2021,27952,27952,26835,26869,13239600
CTG,23-04-2021,26700,28020,26395,27952,17758700
CTG,22-04-2021,28257,28392,26497,26497,21428500
CTG,20-04-2021,28866,29204,28087,28426,24027600
CTG,19-04-2021,28561,28764,27952,28764,17132000
CTG,16-04-2021,28697,29238,27614,28426,21486800
CTG,15-04-2021,29035,29103,28426,28561,14024300
CTG,14-04-2021,28358,29103,28087,28933,14353800
CTG,13-04-2021,29441,29441,28426,28460,17751500
CTG,12-04-2021,28832,29306,28730,29238,13569200
CTG,09-04-2021,28764,28900,28629,28764,14950600
CTG,08-04-2021,29103,29306,28832,28832,11652100
CTG,07-04-2021,29103,29644,28967,29103,12386700
CTG,06-04-2021,28392,29475,28155,29103,22583100
CTG,05-04-2021,28426,28629,28087,28426,16216000
CTG,02-04-2021,28087,28121,27749,27952,12304800
CTG,01-04-2021,27275,27986,27275,27783,18752800
CTG,31-03-2021,27343,27648,27072,27174,12341600
CTG,30-03-2021,27275,27614,26971,27343,11514600
CTG,29-03-2021,26802,27106,26599,27072,11889800
CTG,26-03-2021,26599,26937,25583,26429,16292400
CTG,25-03-2021,26734,27174,26328,26666,14674100
CTG,24-03-2021,27072,27377,26328,26395,18723300
CTG,23-03-2021,27884,27918,27208,27411,14649900
CTG,22-03-2021,27715,28257,27411,27817,20722100
CTG,19-03-2021,27309,27681,27275,27377,8587200
CTG,18-03-2021,27884,28054,27208,27411,16137000
CTG,17-03-2021,25549,26802,25448,26768,23848900
CTG,16-03-2021,25820,25854,25482,25516,7211600
CTG,15-03-2021,25719,25854,25549,25719,6842100
CTG,12-03-2021,25956,26057,25685,25685,7190500
CTG,11-03-2021,25685,26023,25583,25854,7669300
CTG,10-03-2021,25211,25583,25076,25414,7488500
CTG,09-03-2021,25651,25651,25110,25177,10196900
CTG,08-03-2021,25989,26125,25414,25651,7604900
CTG,05-03-2021,25786,26023,25380,25719,10156400
CTG,04-03-2021,26395,26395,25380,25922,10528800
CTG,03-03-2021,25989,26260,25922,26125,13154300
CTG,04-03-2021,26400,26400,25380,25920,10315800
CTG,03-03-2021,25990,26260,25920,26120,13074300
CTG,02-03-2021,26060,26120,25720,25872,7320600
CTG,01-03-2021,25520,25850,25450,25979,13954000
CTG,26-02-2021,24870,25850,24700,25205,8851000
CTG,25-02-2021,25620,25850,25040,25056,8500000
CTG,24-02-2021,25350,25820,25080,25345,14250600
CTG,23-02-2021,25040,25450,25040,25058,8347300
CTG,22-02-2021,25040,25750,24910,25040,11349900
CTG,19-02-2021,24570,25380,24430,25040,12154600
CTG,18-02-2021,24840,25080,24570,24910,10032300
CTG,17-02-2021,24840,24910,24260,24910,9896400
CTG,09-02-2021,23320,23990,23010,23960,8069000
CTG,08-02-2021,24300,24430,22940,23403,12845300
CTG,05-02-2021,23650,24230,23520,23423,9413200
CTG,04-02-2021,23550,23720,23200,23248,9800750
CTG,03-02-2021,21520,23850,23020,22994,7767300
CTG,02-02-2021,21520,22060,21320,22694,12315100
CTG,01-02-2021,21520,22060,21320,21666,12315100
CTG,29-01-2021,19490,21930,19490,20640,14819400
CTG,28-01-2021,20810,21590,20540,20540,13297400
CTG,27-01-2021,23150,23790,22000,22060,9544300
CTG,26-01-2021,24700,24740,23350,23350,8285900
CTG,25-01-2021,25180,25410,24910,24910,6580500
CTG,22-01-2021,24970,25920,24840,25910,7568900
CTG,21-01-2021,24430,25040,23910,25090,11184000
CTG,20-01-2021,26060,26120,24300,24130,14466500
CTG,19-01-2021,26800,26970,26120,26120,7197000
CTG,18-01-2021,26800,26970,26120,26120,7197000
CTG,15-01-2021,26730,27140,26600,26730,11321800
CTG,14-01-2021,26400,26630,26300,26500,8275700
CTG,13-01-2021,26160,26700,26060,26160,9063900
CTG,12-01-2021,26190,26330,25790,26060,9154200
CTG,11-01-2021,26330,26800,26120,26190,10911700
CTG,08-01-2021,26730,26730,26000,26190,8380100
CTG,07-01-2021,26060,26840,26000,25860,10679600
CTG,06-01-2021,24360,25620,24360,25300,15419900
CTG,05-01-2021,23960,24330,23820,23960,9215200
CTG,04-01-2021,23690,24360,23620,24030,14041500
CTG,31-12-2020,23232,23552,23225,23455,4513160
CTG,30-12-2020,23250,23650,23110,23435,5580940
CTG,29-12-2020,23210,23380,23111,23415,5009810
CTG,28-12-2020,23175,23820,23150,23430,7820910
CTG,25-12-2020,23076,23820,22540,23470,8026910
CTG,24-12-2020,23355,23820,22550,23395,7872010
CTG,23-12-2020,23269,23820,23520,23455,5748780
CTG,22-12-2020,23478,23960,23520,23480,6431410
CTG,21-12-2020,23480,23960,23350,23482,7880530
CTG,18-12-2020,23210,23420,23080,23450,5660480
CTG,17-12-2020,23620,23760,23080,23410,14327750
CTG,16-12-2020,23420,23690,23240,23540,7708110
CTG,15-12-2020,23262,23620,23120,23440,10988240
CTG,14-12-2020,22955,23322,22929,23420,10847590
CTG,11-12-2020,22955,23322,22925,23475,8093800
CTG,10-12-2020,23002,23322,22890,23450,8148750
CTG,09-12-2020,23002,23322,22890,23450,8604900
CTG,08-12-2020,23340,23515,22890,23470,7312770
CTG,07-12-2020,22315,23242,22620,23430,18959210
CTG,04-12-2020,22690,23290,22620,23470,10188750
CTG,03-12-2020,22550,22880,22490,22720,6256350
CTG,02-12-2020,22620,22750,22420,22820,8657370
CTG,01-12-2020,22020,22690,21950,22690,9713470
CTG,30-11-2020,22720,22820,22350,22350,11002280
CTG,27-11-2020,22820,23020,22690,22720,6224220
CTG,26-11-2020,22820,22850,21990,22720,11623800
CTG,25-11-2020,22150,22350,21950,22050,10715800
CTG,24-11-2020,22120,22120,21960,21985,8848310
CTG,23-11-2020,22150,22150,21750,21885,7342870
CTG,20-11-2020,22150,22220,21720,21985,7237750
CTG,19-11-2020,21850,22220,21720,22022,13599610
CTG,18-11-2020,21690,21955,21185,21585,7298690
CTG,17-11-2020,21490,21790,21350,21690,8707180
CTG,16-11-2020,21650,21820,21220,21900,15774840
CTG,13-11-2020,20820,21350,20820,21320,10712410
CTG,12-11-2020,20420,20850,20420,20680,5609690
CTG,11-11-2020,20520,20620,20420,20500,6063870
CTG,10-11-2020,20820,20990,20450,20710,8706210
CTG,09-11-2020,20220,20750,20050,20395,7890820
CTG,06-11-2020,20220,20450,20220,20300,5382110
CTG,05-11-2020,20220,20620,20180,20325,5810810
CTG,04-11-2020,20220,20420,20180,20265,7152600
CTG,03-11-2020,20450,20480,20080,20150,4957760
CTG,02-11-2020,19550,20280,19480,20300,5194990
CTG,30-10-2020,19550,19680,18820,19350,9099270
CTG,29-10-2020,19820,20150,19420,19420,11708930
CTG,28-10-2020,20350,20650,19950,20150,7936180
CTG,27-10-2020,21290,21750,20180,20750,11228060
CTG,26-10-2020,21490,21520,20950,21050,9630840
CTG,23-10-2020,20680,21350,20550,21350,8715860
CTG,22-10-2020,21490,21650,20720,21050,9191450
CTG,21-10-2020,21250,21550,21150,21420,9963500
CTG,19-10-2020,21420,21650,21150,21450,9648630
CTG,16-10-2020,20350,20990,20150,20780,12956750
CTG,15-10-2020,20150,20350,20020,20050,8107170
CTG,14-10-2020,20480,20580,20020,20020,8338720
CTG,13-10-2020,19350,20680,18980,20380,10920290
CTG,12-10-2020,19720,19720,19180,19420,10827840
CTG,09-10-2020,18150,18550,18150,18550,6514330
CTG,08-10-2020,18150,18550,18020,18320,8357720
CTG,07-10-2020,18080,18450,18020,18020,5909080
CTG,06-10-2020,18420,18450,18150,18150,5939210
CTG,05-10-2020,18350,18450,18180,18350,5939210
CTG,02-10-2020,18080,18280,17550,17980,13241830
CTG,01-10-2020,17920,18020,17720,17750,5391110
CTG,01-10-2020,26600,26800,26450,26600,5391110
CTG,30-09-2020,17750,17850,17520,17720,4764680
CTG,29-09-2020,18280,18280,17750,17750,5950290
CTG,28-09-2020,17620,18320,17620,18120,12014920
CTG,25-09-2020,17420,17480,17150,17480,4630970
CTG,24-09-2020,17480,17550,17250,17450,3582600
CTG,23-09-2020,17320,17750,17250,17275,7680480
CTG,22-09-2020,17080,17275,17080,17225,4239110
CTG,21-09-2020,17010,17450,16950,17180,5072680
CTG,18-09-2020,16881,16981,16800,16895,4213030
CTG,17-09-2020,16880,17120,16850,16888,3996280
CTG,16-09-2020,16980,16980,16780,16881,3970480
CTG,15-09-2020,17120,17180,16950,16995,3265100
CTG,14-09-2020,17350,17350,17350,17350,2823060
CTG,11-09-2020,16780,17150,16780,16800,3472570
CTG,10-09-2020,16780,17120,16688,16868,2665550
CTG,09-09-2020,16875,17050,16550,16825,2872820
CTG,08-09-2020,16885,17105,16550,16688,5505960
CTG,07-09-2020,17008,17585,17008,16868,6578630
CTG,04-09-2020,17008,17450,16850,17008,5787230
CTG,03-09-2020,17580,17580,17250,17320,8343610
CTG,01-09-2020,17150,17450,17080,17450,4773840
CTG,31-08-2020,17150,17480,16810,17500,7359810
CTG,28-08-2020,16610,16995,16550,16750,9589990
CTG,27-08-2020,16410,16710,16410,16475,3085280
CTG,26-08-2020,16350,16750,16310,16480,6796160
CTG,25-08-2020,16380,16580,16300,16480,2503350
CTG,24-08-2020,16410,16590,16410,16495,1085219
CTG,21-08-2020,15680,16280,15680,16000,9577820
CTG,20-08-2020,15655,15880,15551,15770,4210180
CTG,19-08-2020,15565,15751,15510,15600,2560050
CTG,18-08-2020,15480,15710,15410,15500,2681950
CTG,17-08-2020,15510,15710,15450,15550,2898180
CTG,14-08-2020,15780,15910,15510,15600,5238720
CTG,13-08-2020,15850,15950,15810,15885,5131270
CTG,12-08-2020,15550,15880,15510,15795,4376120
CTG,11-08-2020,15480,15555,15410,15495,3873130
CTG,10-08-2020,15380,15480,15300,15400,3798170
CTG,07-08-2020,15120,15210,14995,15095,2859860
CTG,06-08-2020,14775,15210,14680,15000,4575500
CTG,05-08-2020,14750,14880,14610,14775,3115850
CTG,04-08-2020,14615,14880,14610,14750,3115850
CTG,03-08-2020,14150,14550,14110,14510,2692490
CTG,31-07-2020,14010,14350,13950,14150,2928540
CTG,30-07-2020,14050,14310,14010,14250,2574820
CTG,29-07-2020,14150,14210,13610,13910,4708610
CTG,28-07-2020,14110,14550,14010,14480,4278520
CTG,27-07-2020,15380,15510,14550,14810,7535580
CTG,24-07-2020,15680,15680,15680,15880,2698500
CTG,23-07-2020,15980,15980,15850,15990,2745180
CTG,22-07-2020,16008,16008,15885,15888,2923970
CTG,21-07-2020,15680,15680,15680,15880,2989960
CTG,20-07-2020,15950,15980,15580,15910,2745180
CTG,17-07-2020,16010,16210,15880,16080,3452100
CTG,16-07-2020,16010,16080,15810,16080,3780830
CTG,15-07-2020,15980,16250,15880,16050,2637330
CTG,14-07-2020,15980,16210,15880,16200,3127820
CTG,13-07-2020,15980,16210,15880,15980,1671280
CTG,10-07-2020,16010,16110,15710,15980,3017480
CTG,09-07-2020,15810,16150,15710,16100,6047940
CTG,08-07-2020,15780,16010,15550,15980,5304630
CTG,07-07-2020,15550,16010,15550,15750,6656300
CTG,06-07-2020,15080,15550,14980,15380,4849180
CTG,03-07-2020,14910,14980,14880,14880,2149960
CTG,02-07-2020,14950,15010,14750,14880,1743240
CTG,01-07-2020,14450,14880,14380,14880,2104360
CTG,30-06-2020,14850,14950,14280,14380,2812450
CTG,29-06-2020,14910,15050,14450,14610,4603180
CTG,26-06-2020,15350,15380,14950,15050,2337220
CTG,25-06-2020,15010,15250,15010,15150,2550180
CTG,24-06-2020,15610,15710,15150,15210,3055390
CTG,23-06-2020,15610,15710,15510,15680,2896760
CTG,22-06-2020,15450,15610,15310,15580,2865250
CTG,19-06-2020,15150,15480,15150,15280,1954210
CTG,17-06-2020,15350,15510,15280,15350,2469120
CTG,16-06-2020,15350,15510,15150,15510,4034460
CTG,15-06-2020,15480,15680,14750,14880,7929180
CTG,12-06-2020,14750,15550,14750,15550,7094300
CTG,11-06-2020,16480,16550,15310,15610,2487760
CTG,10-06-2020,16680,16850,16450,16510,8248360
CTG,09-06-2020,16580,16810,16410,16740,7308380
CTG,08-06-2020,16480,16810,16180,16610,7059480
CTG,05-06-2020,16150,16610,16080,16310,5424330
CTG,04-06-2020,16150,16450,16150,16450,8945730
CTG,03-06-2020,15750,16050,15710,16050,6901900
CTG,02-06-2020,15880,16210,15610,15650,9588410
CTG,01-06-2020,15210,15680,15150,15680,7120400
CTG,29-05-2020,14980,15150,14980,15010,3561630
CTG,28-05-2020,15050,15310,14910,15250,5936110
CTG,27-05-2020,15550,15595,14950,14995,8420990
CTG,26-05-2020,15380,15555,15350,15445,6282980
CTG,25-05-2020,15280,15558,15125,15338,6731270
CTG,22-05-2020,15210,15750,15175,15325,7378500
CTG,21-05-2020,14910,15155,14881,15001,10146503
CTG,20-05-2020,14680,14888,14680,14838,5342980
CTG,19-05-2020,14680,14888,14680,14838,11023404
CTG,18-05-2020,13980,14250,13881,14025,7526740
CTG,15-05-2020,14380,14410,13910,14090,7303040
CTG,14-05-2020,14280,14510,14250,14325,5828440
CTG,13-05-2020,14280,14655,14280,14645,6959000
CTG,12-05-2020,14410,14585,13913,14180,5197289
CTG,11-05-2020,14391,14535,13911,14178,7549000
CTG,08-05-2020,13850,13972,13600,13790,16275361
CTG,07-05-2020,13813,13988,13788,13920,26759304
CTG,06-05-2020,13480,13785,13348,13785,7523830
CTG,05-05-2020,13348,13555,13355,13448,6890370
CTG,04-05-2020,13180,13385,13111,13388,2976380
CTG,29-04-2020,12880,13350,12740,13350,9337270
CTG,28-04-2020,12580,12880,12480,12710,3942840
CTG,27-04-2020,12940,12940,12580,12580,4305890
CTG,24-04-2020,12810,12880,12810,12810,2871100
CTG,23-04-2020,13010,13140,12810,12810,2950110
CTG,22-04-2020,12280,13140,12510,12840,6363860
CTG,21-04-2020,13110,13180,12500,12850,9299890
CTG,20-04-2020,13550,13650,13240,13240,6291720
CTG,17-04-2020,13680,13680,13350,13410,8578720
CTG,16-04-2020,13080,13280,12940,13210,3710320
CTG,15-04-2020,12810,13310,12810,13240,6758040
CTG,14-04-2020,13040,13180,12540,12810,7389910
CTG,13-04-2020,12940,13350,12840,13080,4183300
CTG,10-04-2020,13210,13410,12880,12980,5700890
CTG,09-04-2020,13350,13580,13210,13210,7265280
CTG,08-04-2020,12880,13350,12740,13140,4637260
CTG,07-04-2020,13480,13510,13000,13000,7256090
CTG,06-04-2020,12880,13410,12680,12800,10557010
CTG,03-04-2020,12410,12680,12340,12540,4625590
CTG,01-04-2020,11340,12240,11340,12210,5514550
CTG,31-03-2020,12010,12340,11080,11480,6102570
CTG,30-03-2020,11910,12010,11810,11810,7331160
CTG,27-03-2020,12680,12740,12480,11920,6261510
CTG,26-03-2020,12568,12740,12540,12304,5121770
CTG,25-03-2020,12680,13040,12540,12534,7891781
CTG,24-03-2020,12310,12480,12310,12321,7041040
CTG,23-03-2020,12540,12840,12310,12214,6488830
CTG,20-03-2020,13610,13680,13180,13341,6428620
CTG,19-03-2020,13680,13750,13240,13341,4724410
CTG,18-03-2020,14210,14380,13980,13998,6424470
CTG,17-03-2020,13350,14150,12940,14010,7946050
CTG,16-03-2020,14650,14710,13680,13688,7506240
CTG,13-03-2020,13680,14950,13550,14555,1054670
CTG,12-03-2020,14680,14950,14410,14835,11431040
CTG,11-03-2020,16680,16815,15250,15022,8522410
CTG,10-03-2020,16010,16710,15130,15281,10173360
CTG,09-03-2020,16080,16480,15130,17222,5373340
CTG,06-03-2020,17220,17722,17220,17222,5335340
CTG,05-03-2020,17788,17992,17450,17485,5997630
CTG,04-03-2020,17550,17615,17350,17650,4587660
CTG,03-03-2020,17480,17980,17320,17655,9514110
CTG,02-03-2020,17320,17380,16950,17001,4873970
CTG,28-02-2020,17010,17380,16680,17180,7892390
CTG,27-02-2020,17180,17480,17080,17480,5524580
CTG,26-02-2020,17240,17480,16950,17242,6229210
CTG,25-02-2020,16280,17420,16250,17242,9764100
CTG,24-02-2020,16750,16950,16250,16400,11280500
CTG,21-02-2020,17880,17950,17120,17125,12049570
CTG,20-02-2020,18080,18480,17840,17975,9011120
CTG,19-02-2020,17880,17950,17120,17125,5895360
CTG,18-02-2020,17820,18180,17580,17782,7231540
CTG,17-02-2020,17950,18050,17680,17678,5818090
CTG,14-02-2020,18250,18250,17820,17888,6108570
CTG,13-02-2020,18250,18420,17680,18180,9485770
CTG,12-02-2020,18980,18980,18150,18215,10390830
CTG,11-02-2020,18980,18980,18520,18775,7933800
CTG,10-02-2020,18520,18552,17948,18222,7287560
CTG,07-02-2020,18350,18552,17948,18000,6784230
CTG,06-02-2020,17820,18750,17758,18725,10566600
CTG,05-02-2020,17695,18128,16991,17272,11732260
CTG,04-02-2020,16950,17950,16910,17725,14852720
CTG,03-02-2020,15680,16810,15510,16780,13869450
CTG,31-01-2020,16410,16850,16280,16280,11815850
CTG,30-01-2020,16650,16910,16010,16250,11319200
CTG,22-01-2020,16880,17180,16710,17080,4747210
CTG,21-01-2020,16810,17220,16750,16880,6063350
CTG,20-01-2020,16610,16880,16510,16750,4737420
CTG,17-01-2020,16610,16880,16510,16750,6412750
CTG,16-01-2020,16450,16850,16010,16650,8002680
CTG,15-01-2020,15680,15880,15510,15750,4364850
CTG,14-01-2020,15510,15880,15510,15680,7040780
CTG,13-01-2020,15550,16010,15480,15480,5317470
CTG,10-01-2020,15010,16010,15010,15710,14071830
CTG,09-01-2020,14580,15080,14580,14980,8592300
CTG,08-01-2020,14380,14780,14210,14650,9864300
CTG,07-01-2020,14410,14580,14310,14480,4163600
CTG,06-01-2020,14140,14580,14180,14210,3173480
CTG,03-01-2020,14480,14580,14180,14210,3626640
CTG,02-01-2020,13950,14510,13910,14350,4347610
